Name,Link,Price,Rating,Material,Keyword,Image
"en-us" class="a-no-js a-lt-ie9 a-lt-ie8 a-lt-ie7"> <![endif]-->
<!--[if IE 7]>    <html lang="en-us" class="a-no-js a-lt-ie9 a-lt-ie8"> <![endif]-->
<!--[if IE 8]>    <html lang="en-us" class="a-no-js a-lt-ie9"> <![endif]-->
<!--[if gt IE 8]><!-->
<html class="a-no-js" lang="en-us"><!--<![endif]--><head>
<meta http-equiv="content-type" content="text/html; charset=UTF-8">
<meta charset="utf-8">
<meta http-equiv="X-UA-Compatible" content="IE=edge,chrome=1">
<title dir="ltr">Robot Check</title>
<meta name="viewport" content="width=device-width">
<link rel="stylesheet" href="https://images-na.ssl-images-amazon.com/images/G/01/AUIClients/AmazonUI-3c913031596ca78a3768f4e934b1cc02ce238101.secure.min._V1_.css">
<script>

if (true === true) {
    var ue_t0 = (+ new Date()),
        ue_csm = window,
        ue = { t0: ue_t0, d: function() { return (+new Date() - ue_t0); } },
        ue_furl = "fls-na.amazon.com",
        ue_mid = "ATVPDKIKX0DER",
        ue_sid = (document.cookie.match(/session-id=([0-9-]+)/) || [])[1],
        ue_sn = "opfcaptcha.amazon.com",
        ue_id = 'QH112HYG2QKVVPB211G9';
}
</script>
</head>
<body>

<!--
        To discuss automated access to Amazon data please contact api-services-support@amazon.com.
        For information about migrating to our APIs refer to our Marketplace APIs at https://developer.amazonservices.com/ref=rm_c_sv, or our Product Advertising API at https://affiliate-program.amazon.com/gp/advertising/api/detail/main.html/ref=rm_c_ac for advertising use cases.
-->

<!--
Correios.DoNotSend
-->

<div class="a-container a-padding-double-large" style="min-width:350px;padding:44px 0 !important">

    <div class="a-row a-spacing-double-large" style="width: 350px; margin: 0 auto">

        <div class="a-row a-spacing-medium a-text-center"><i class="a-icon a-logo"></i></div>

        <div class="a-box a-alert a-alert-info a-spacing-base">
            <div class="a-box-inner">
                <i class="a-icon a-icon-alert"></i>
                <h4>Enter the characters you see below</h4>
                <p class="a-last">Sorry, we just need to make sure you're not a robot. For best results, please make sure your browser is accepting cookies.</p>
                </div>
            </div>

            <div class="a-section">

                <div class="a-box a-color-offset-background">
                    <div class="a-box-inner a-padding-extra-large">

                        <form method="get" action="/errors/validateCaptcha" name="">
                            <input type=hidden name="amzn" value="eY/WX2RHU9xTwcXAoW4Oqw==" /><input type=hidden name="amzn-r" value="&#047;VHEM&#045;Relieves&#045;Anxiety&#045;Children&#045;Attention&#047;dp&#047;B01N03HBVM&#047;ref&#061;sr_1_4&#047;161&#045;6314320&#045;0053035?s&#061;toys&#045;and&#045;games&amp;ie&#061;UTF8&amp;qid&#061;1487434091&amp;sr&#061;1&#045;4&amp;keywords&#061;toys" /><input type=hidden name="amzn-pt" value="Detail" />
                            <div class="a-row a-spacing-large">
                                <div class="a-box">
                                    <div class="a-box-inner">
                                        <h4>Type the characters you see in this image:</h4>
                                        <div class="a-row a-text-center">
                                            <img src="https://images-na.ssl-images-amazon.com/captcha/xjgkhgck/Captcha_xdpqjhsjax.jpg">
                                        </div>
                                        <div class="a-row a-spacing-base">
                                            <div class="a-row">
                                                <div class="a-column a-span6">
                                                </div>
                                                <div class="a-column a-span6 a-span-last a-text-right">
                                                    <a onclick="window.location.reload()">Try different image</a>
                                                </div>
                                            </div>
                                            <input autocomplete="off" spellcheck="false" placeholder="Type characters" id="captchacharacters" name="field-keywords" class="a-span12" autocapitalize="off" autocorrect="off" type="text">
                                        </div>
                                    </div>
                                </div>
                            </div>

                            <div class="a-section a-spacing-extra-large">

                                <div class="a-row">
                                    <span class="a-button a-button-primary a-span12">
                                        <span class="a-button-inner">
                                            <button type="submit" class="a-button-text">Continue shopping</button>,https://www.amazon.com/VHEM-Relieves-Anxiety-Children-Attention/dp/B01N03HBVM/ref=sr_1_4/161-6314320-0053035?s=toys-and-games&ie=UTF8&qid=1487434091&sr=1-4&keywords=toys,, ,https://images-na.ssl-images-amazon.com/images/I/41rFDJOQchL._AC_US160_.jpg
"en-us" class="a-no-js a-lt-ie9 a-lt-ie8 a-lt-ie7"> <![endif]-->
<!--[if IE 7]>    <html lang="en-us" class="a-no-js a-lt-ie9 a-lt-ie8"> <![endif]-->
<!--[if IE 8]>    <html lang="en-us" class="a-no-js a-lt-ie9"> <![endif]-->
<!--[if gt IE 8]><!-->
<html class="a-no-js" lang="en-us"><!--<![endif]--><head>
<meta http-equiv="content-type" content="text/html; charset=UTF-8">
<meta charset="utf-8">
<meta http-equiv="X-UA-Compatible" content="IE=edge,chrome=1">
<title dir="ltr">Robot Check</title>
<meta name="viewport" content="width=device-width">
<link rel="stylesheet" href="https://images-na.ssl-images-amazon.com/images/G/01/AUIClients/AmazonUI-3c913031596ca78a3768f4e934b1cc02ce238101.secure.min._V1_.css">
<script>

if (true === true) {
    var ue_t0 = (+ new Date()),
        ue_csm = window,
        ue = { t0: ue_t0, d: function() { return (+new Date() - ue_t0); } },
        ue_furl = "fls-na.amazon.com",
        ue_mid = "ATVPDKIKX0DER",
        ue_sid = (document.cookie.match(/session-id=([0-9-]+)/) || [])[1],
        ue_sn = "opfcaptcha.amazon.com",
        ue_id = '89Q7Z72WN99JQ1PZT8T7';
}
</script>
</head>
<body>

<!--
        To discuss automated access to Amazon data please contact api-services-support@amazon.com.
        For information about migrating to our APIs refer to our Marketplace APIs at https://developer.amazonservices.com/ref=rm_c_sv, or our Product Advertising API at https://affiliate-program.amazon.com/gp/advertising/api/detail/main.html/ref=rm_c_ac for advertising use cases.
-->

<!--
Correios.DoNotSend
-->

<div class="a-container a-padding-double-large" style="min-width:350px;padding:44px 0 !important">

    <div class="a-row a-spacing-double-large" style="width: 350px; margin: 0 auto">

        <div class="a-row a-spacing-medium a-text-center"><i class="a-icon a-logo"></i></div>

        <div class="a-box a-alert a-alert-info a-spacing-base">
            <div class="a-box-inner">
                <i class="a-icon a-icon-alert"></i>
                <h4>Enter the characters you see below</h4>
                <p class="a-last">Sorry, we just need to make sure you're not a robot. For best results, please make sure your browser is accepting cookies.</p>
                </div>
            </div>

            <div class="a-section">

                <div class="a-box a-color-offset-background">
                    <div class="a-box-inner a-padding-extra-large">

                        <form method="get" action="/errors/validateCaptcha" name="">
                            <input type=hidden name="amzn" value="EoKgijD9Bi7Y9KnGTuCwkg==" /><input type=hidden name="amzn-r" value="&#047;Baby&#045;Banana&#045;Training&#045;Toothbrush&#045;Teether&#047;dp&#047;B002QYW8LW&#047;ref&#061;sr_1_5&#047;161&#045;6314320&#045;0053035?s&#061;toys&#045;and&#045;games&amp;ie&#061;UTF8&amp;qid&#061;1487434091&amp;sr&#061;1&#045;5&amp;keywords&#061;toys" /><input type=hidden name="amzn-pt" value="Detail" />
                            <div class="a-row a-spacing-large">
                                <div class="a-box">
                                    <div class="a-box-inner">
                                        <h4>Type the characters you see in this image:</h4>
                                        <div class="a-row a-text-center">
                                            <img src="https://images-na.ssl-images-amazon.com/captcha/derqnxxq/Captcha_qrxgiqlsdu.jpg">
                                        </div>
                                        <div class="a-row a-spacing-base">
                                            <div class="a-row">
                                                <div class="a-column a-span6">
                                                </div>
                                                <div class="a-column a-span6 a-span-last a-text-right">
                                                    <a onclick="window.location.reload()">Try different image</a>
                                                </div>
                                            </div>
                                            <input autocomplete="off" spellcheck="false" placeholder="Type characters" id="captchacharacters" name="field-keywords" class="a-span12" autocapitalize="off" autocorrect="off" type="text">
                                        </div>
                                    </div>
                                </div>
                            </div>

                            <div class="a-section a-spacing-extra-large">

                                <div class="a-row">
                                    <span class="a-button a-button-primary a-span12">
                                        <span class="a-button-inner">
                                            <button type="submit" class="a-button-text">Continue shopping</button>,https://www.amazon.com/Baby-Banana-Training-Toothbrush-Teether/dp/B002QYW8LW/ref=sr_1_5/161-6314320-0053035?s=toys-and-games&ie=UTF8&qid=1487434091&sr=1-5&keywords=toys,, ,https://images-na.ssl-images-amazon.com/images/I/41YRXzlT5TL._AC_US160_.jpg
"en-us" class="a-no-js a-lt-ie9 a-lt-ie8 a-lt-ie7"> <![endif]-->
<!--[if IE 7]>    <html lang="en-us" class="a-no-js a-lt-ie9 a-lt-ie8"> <![endif]-->
<!--[if IE 8]>    <html lang="en-us" class="a-no-js a-lt-ie9"> <![endif]-->
<!--[if gt IE 8]><!-->
<html class="a-no-js" lang="en-us"><!--<![endif]--><head>
<meta http-equiv="content-type" content="text/html; charset=UTF-8">
<meta charset="utf-8">
<meta http-equiv="X-UA-Compatible" content="IE=edge,chrome=1">
<title dir="ltr">Robot Check</title>
<meta name="viewport" content="width=device-width">
<link rel="stylesheet" href="https://images-na.ssl-images-amazon.com/images/G/01/AUIClients/AmazonUI-3c913031596ca78a3768f4e934b1cc02ce238101.secure.min._V1_.css">
<script>

if (true === true) {
    var ue_t0 = (+ new Date()),
        ue_csm = window,
        ue = { t0: ue_t0, d: function() { return (+new Date() - ue_t0); } },
        ue_furl = "fls-na.amazon.com",
        ue_mid = "ATVPDKIKX0DER",
        ue_sid = (document.cookie.match(/session-id=([0-9-]+)/) || [])[1],
        ue_sn = "opfcaptcha.amazon.com",
        ue_id = 'APVT2BW4W2FXJK6CYH1T';
}
</script>
</head>
<body>

<!--
        To discuss automated access to Amazon data please contact api-services-support@amazon.com.
        For information about migrating to our APIs refer to our Marketplace APIs at https://developer.amazonservices.com/ref=rm_c_sv, or our Product Advertising API at https://affiliate-program.amazon.com/gp/advertising/api/detail/main.html/ref=rm_c_ac for advertising use cases.
-->

<!--
Correios.DoNotSend
-->

<div class="a-container a-padding-double-large" style="min-width:350px;padding:44px 0 !important">

    <div class="a-row a-spacing-double-large" style="width: 350px; margin: 0 auto">

        <div class="a-row a-spacing-medium a-text-center"><i class="a-icon a-logo"></i></div>

        <div class="a-box a-alert a-alert-info a-spacing-base">
            <div class="a-box-inner">
                <i class="a-icon a-icon-alert"></i>
                <h4>Enter the characters you see below</h4>
                <p class="a-last">Sorry, we just need to make sure you're not a robot. For best results, please make sure your browser is accepting cookies.</p>
                </div>
            </div>

            <div class="a-section">

                <div class="a-box a-color-offset-background">
                    <div class="a-box-inner a-padding-extra-large">

                        <form method="get" action="/errors/validateCaptcha" name="">
                            <input type=hidden name="amzn" value="FdQgyXVmnFZRkzauVHDPzw==" /><input type=hidden name="amzn-r" value="&#047;Fire&#045;Tablet&#045;Display&#045;Wi&#045;Fi&#045;Kid&#045;Proof&#047;dp&#047;B018Y22C2Y&#047;ref&#061;sr_1_6&#047;161&#045;6314320&#045;0053035?s&#061;toys&#045;and&#045;games&amp;ie&#061;UTF8&amp;qid&#061;1487434091&amp;sr&#061;1&#045;6&amp;keywords&#061;toys" /><input type=hidden name="amzn-pt" value="Detail" />
                            <div class="a-row a-spacing-large">
                                <div class="a-box">
                                    <div class="a-box-inner">
                                        <h4>Type the characters you see in this image:</h4>
                                        <div class="a-row a-text-center">
                                            <img src="https://images-na.ssl-images-amazon.com/captcha/xzqdsmvh/Captcha_ybkcjqzkif.jpg">
                                        </div>
                                        <div class="a-row a-spacing-base">
                                            <div class="a-row">
                                                <div class="a-column a-span6">
                                                </div>
                                                <div class="a-column a-span6 a-span-last a-text-right">
                                                    <a onclick="window.location.reload()">Try different image</a>
                                                </div>
                                            </div>
                                            <input autocomplete="off" spellcheck="false" placeholder="Type characters" id="captchacharacters" name="field-keywords" class="a-span12" autocapitalize="off" autocorrect="off" type="text">
                                        </div>
                                    </div>
                                </div>
                            </div>

                            <div class="a-section a-spacing-extra-large">

                                <div class="a-row">
                                    <span class="a-button a-button-primary a-span12">
                                        <span class="a-button-inner">
                                            <button type="submit" class="a-button-text">Continue shopping</button>,https://www.amazon.com/Fire-Tablet-Display-Wi-Fi-Kid-Proof/dp/B018Y22C2Y/ref=sr_1_6/161-6314320-0053035?s=toys-and-games&ie=UTF8&qid=1487434091&sr=1-6&keywords=toys,, ,https://images-na.ssl-images-amazon.com/images/I/31lq9LEd62L._AC_US160_.jpg
"en-us" class="a-no-js a-lt-ie9 a-lt-ie8 a-lt-ie7"> <![endif]-->
<!--[if IE 7]>    <html lang="en-us" class="a-no-js a-lt-ie9 a-lt-ie8"> <![endif]-->
<!--[if IE 8]>    <html lang="en-us" class="a-no-js a-lt-ie9"> <![endif]-->
<!--[if gt IE 8]><!-->
<html class="a-no-js" lang="en-us"><!--<![endif]--><head>
<meta http-equiv="content-type" content="text/html; charset=UTF-8">
<meta charset="utf-8">
<meta http-equiv="X-UA-Compatible" content="IE=edge,chrome=1">
<title dir="ltr">Robot Check</title>
<meta name="viewport" content="width=device-width">
<link rel="stylesheet" href="https://images-na.ssl-images-amazon.com/images/G/01/AUIClients/AmazonUI-3c913031596ca78a3768f4e934b1cc02ce238101.secure.min._V1_.css">
<script>

if (true === true) {
    var ue_t0 = (+ new Date()),
        ue_csm = window,
        ue = { t0: ue_t0, d: function() { return (+new Date() - ue_t0); } },
        ue_furl = "fls-na.amazon.com",
        ue_mid = "ATVPDKIKX0DER",
        ue_sid = (document.cookie.match(/session-id=([0-9-]+)/) || [])[1],
        ue_sn = "opfcaptcha.amazon.com",
        ue_id = 'VN8X9E7PTPATX42ZHBX5';
}
</script>
</head>
<body>

<!--
        To discuss automated access to Amazon data please contact api-services-support@amazon.com.
        For information about migrating to our APIs refer to our Marketplace APIs at https://developer.amazonservices.com/ref=rm_c_sv, or our Product Advertising API at https://affiliate-program.amazon.com/gp/advertising/api/detail/main.html/ref=rm_c_ac for advertising use cases.
-->

<!--
Correios.DoNotSend
-->

<div class="a-container a-padding-double-large" style="min-width:350px;padding:44px 0 !important">

    <div class="a-row a-spacing-double-large" style="width: 350px; margin: 0 auto">

        <div class="a-row a-spacing-medium a-text-center"><i class="a-icon a-logo"></i></div>

        <div class="a-box a-alert a-alert-info a-spacing-base">
            <div class="a-box-inner">
                <i class="a-icon a-icon-alert"></i>
                <h4>Enter the characters you see below</h4>
                <p class="a-last">Sorry, we just need to make sure you're not a robot. For best results, please make sure your browser is accepting cookies.</p>
                </div>
            </div>

            <div class="a-section">

                <div class="a-box a-color-offset-background">
                    <div class="a-box-inner a-padding-extra-large">

                        <form method="get" action="/errors/validateCaptcha" name="">
                            <input type=hidden name="amzn" value="JpYJrPkqfewktcV9i9LsVA==" /><input type=hidden name="amzn-r" value="&#047;Hatchimals&#045;6034332&#045;Penguala&#045;Teal&#045;Pink&#047;dp&#047;B019HP1XJU&#047;ref&#061;sr_1_7&#047;161&#045;6314320&#045;0053035?s&#061;toys&#045;and&#045;games&amp;ie&#061;UTF8&amp;qid&#061;1487434091&amp;sr&#061;1&#045;7&amp;keywords&#061;toys" /><input type=hidden name="amzn-pt" value="Detail" />
                            <div class="a-row a-spacing-large">
                                <div class="a-box">
                                    <div class="a-box-inner">
                                        <h4>Type the characters you see in this image:</h4>
                                        <div class="a-row a-text-center">
                                            <img src="https://images-na.ssl-images-amazon.com/captcha/uyvnnjxx/Captcha_kfrbmgsuds.jpg">
                                        </div>
                                        <div class="a-row a-spacing-base">
                                            <div class="a-row">
                                                <div class="a-column a-span6">
                                                </div>
                                                <div class="a-column a-span6 a-span-last a-text-right">
                                                    <a onclick="window.location.reload()">Try different image</a>
                                                </div>
                                            </div>
                                            <input autocomplete="off" spellcheck="false" placeholder="Type characters" id="captchacharacters" name="field-keywords" class="a-span12" autocapitalize="off" autocorrect="off" type="text">
                                        </div>
                                    </div>
                                </div>
                            </div>

                            <div class="a-section a-spacing-extra-large">

                                <div class="a-row">
                                    <span class="a-button a-button-primary a-span12">
                                        <span class="a-button-inner">
                                            <button type="submit" class="a-button-text">Continue shopping</button>,https://www.amazon.com/Hatchimals-6034332-Penguala-Teal-Pink/dp/B019HP1XJU/ref=sr_1_7/161-6314320-0053035?s=toys-and-games&ie=UTF8&qid=1487434091&sr=1-7&keywords=toys,, ,https://images-na.ssl-images-amazon.com/images/I/519fu1sKs+L._AC_US160_.jpg
"en-us" class="a-no-js a-lt-ie9 a-lt-ie8 a-lt-ie7"> <![endif]-->
<!--[if IE 7]>    <html lang="en-us" class="a-no-js a-lt-ie9 a-lt-ie8"> <![endif]-->
<!--[if IE 8]>    <html lang="en-us" class="a-no-js a-lt-ie9"> <![endif]-->
<!--[if gt IE 8]><!-->
<html class="a-no-js" lang="en-us"><!--<![endif]--><head>
<meta http-equiv="content-type" content="text/html; charset=UTF-8">
<meta charset="utf-8">
<meta http-equiv="X-UA-Compatible" content="IE=edge,chrome=1">
<title dir="ltr">Robot Check</title>
<meta name="viewport" content="width=device-width">
<link rel="stylesheet" href="https://images-na.ssl-images-amazon.com/images/G/01/AUIClients/AmazonUI-3c913031596ca78a3768f4e934b1cc02ce238101.secure.min._V1_.css">
<script>

if (true === true) {
    var ue_t0 = (+ new Date()),
        ue_csm = window,
        ue = { t0: ue_t0, d: function() { return (+new Date() - ue_t0); } },
        ue_furl = "fls-na.amazon.com",
        ue_mid = "ATVPDKIKX0DER",
        ue_sid = (document.cookie.match(/session-id=([0-9-]+)/) || [])[1],
        ue_sn = "opfcaptcha.amazon.com",
        ue_id = 'C4ZDVK2H2X7X2JSGAFVV';
}
</script>
</head>
<body>

<!--
        To discuss automated access to Amazon data please contact api-services-support@amazon.com.
        For information about migrating to our APIs refer to our Marketplace APIs at https://developer.amazonservices.com/ref=rm_c_sv, or our Product Advertising API at https://affiliate-program.amazon.com/gp/advertising/api/detail/main.html/ref=rm_c_ac for advertising use cases.
-->

<!--
Correios.DoNotSend
-->

<div class="a-container a-padding-double-large" style="min-width:350px;padding:44px 0 !important">

    <div class="a-row a-spacing-double-large" style="width: 350px; margin: 0 auto">

        <div class="a-row a-spacing-medium a-text-center"><i class="a-icon a-logo"></i></div>

        <div class="a-box a-alert a-alert-info a-spacing-base">
            <div class="a-box-inner">
                <i class="a-icon a-icon-alert"></i>
                <h4>Enter the characters you see below</h4>
                <p class="a-last">Sorry, we just need to make sure you're not a robot. For best results, please make sure your browser is accepting cookies.</p>
                </div>
            </div>

            <div class="a-section">

                <div class="a-box a-color-offset-background">
                    <div class="a-box-inner a-padding-extra-large">

                        <form method="get" action="/errors/validateCaptcha" name="">
                            <input type=hidden name="amzn" value="n7Kp5U9+r5i7opoUdtaJaQ==" /><input type=hidden name="amzn-r" value="&#047;Watch&#045;Ya&#045;Mouth&#045;Family&#045;Mouthguard&#047;dp&#047;B01IWALX00&#047;ref&#061;sr_1_8&#047;161&#045;6314320&#045;0053035?s&#061;toys&#045;and&#045;games&amp;ie&#061;UTF8&amp;qid&#061;1487434091&amp;sr&#061;1&#045;8&amp;keywords&#061;toys" /><input type=hidden name="amzn-pt" value="Detail" />
                            <div class="a-row a-spacing-large">
                                <div class="a-box">
                                    <div class="a-box-inner">
                                        <h4>Type the characters you see in this image:</h4>
                                        <div class="a-row a-text-center">
                                            <img src="https://images-na.ssl-images-amazon.com/captcha/xzqdsmvh/Captcha_dmuxzkdylw.jpg">
                                        </div>
                                        <div class="a-row a-spacing-base">
                                            <div class="a-row">
                                                <div class="a-column a-span6">
                                                </div>
                                                <div class="a-column a-span6 a-span-last a-text-right">
                                                    <a onclick="window.location.reload()">Try different image</a>
                                                </div>
                                            </div>
                                            <input autocomplete="off" spellcheck="false" placeholder="Type characters" id="captchacharacters" name="field-keywords" class="a-span12" autocapitalize="off" autocorrect="off" type="text">
                                        </div>
                                    </div>
                                </div>
                            </div>

                            <div class="a-section a-spacing-extra-large">

                                <div class="a-row">
                                    <span class="a-button a-button-primary a-span12">
                                        <span class="a-button-inner">
                                            <button type="submit" class="a-button-text">Continue shopping</button>,https://www.amazon.com/Watch-Ya-Mouth-Family-Mouthguard/dp/B01IWALX00/ref=sr_1_8/161-6314320-0053035?s=toys-and-games&ie=UTF8&qid=1487434091&sr=1-8&keywords=toys,, ,https://images-na.ssl-images-amazon.com/images/I/410yJmkzBeL._AC_US160_.jpg
Rubik's Cube Game,https://www.amazon.com/Hasbro-A9312-Rubiks-Cube-Game/dp/B00YBWOMRA/ref=sr_1_9/161-6314320-0053035?s=toys-and-games&ie=UTF8&qid=1487434091&sr=1-9&keywords=toys,$7.80, ,https://images-na.ssl-images-amazon.com/images/I/51+4X9GWtXL._AC_US160_.jpg
LAGHCAT Mermaid Tail Blanket Crochet and Mermaid Blanket for adult, Super Soft All Seasons Sleeping Blankets, 71&quot;x35.5&quot;, Blue,https://www.amazon.com/LAGHCAT-Mermaid-Blanket-Sleeping-Blankets/dp/B01ESZPIOA/ref=sr_1_10/161-6314320-0053035?s=toys-and-games&ie=UTF8&qid=1487434091&sr=1-10&keywords=toys,$12.22, ,Orlon 70% + Cotton 30%,https://images-na.ssl-images-amazon.com/images/I/51-mU6fh2RL._AC_US160_.jpg
"en-us" class="a-no-js a-lt-ie9 a-lt-ie8 a-lt-ie7"> <![endif]-->
<!--[if IE 7]>    <html lang="en-us" class="a-no-js a-lt-ie9 a-lt-ie8"> <![endif]-->
<!--[if IE 8]>    <html lang="en-us" class="a-no-js a-lt-ie9"> <![endif]-->
<!--[if gt IE 8]><!-->
<html class="a-no-js" lang="en-us"><!--<![endif]--><head>
<meta http-equiv="content-type" content="text/html; charset=UTF-8">
<meta charset="utf-8">
<meta http-equiv="X-UA-Compatible" content="IE=edge,chrome=1">
<title dir="ltr">Robot Check</title>
<meta name="viewport" content="width=device-width">
<link rel="stylesheet" href="https://images-na.ssl-images-amazon.com/images/G/01/AUIClients/AmazonUI-3c913031596ca78a3768f4e934b1cc02ce238101.secure.min._V1_.css">
<script>

if (true === true) {
    var ue_t0 = (+ new Date()),
        ue_csm = window,
        ue = { t0: ue_t0, d: function() { return (+new Date() - ue_t0); } },
        ue_furl = "fls-na.amazon.com",
        ue_mid = "ATVPDKIKX0DER",
        ue_sid = (document.cookie.match(/session-id=([0-9-]+)/) || [])[1],
        ue_sn = "opfcaptcha.amazon.com",
        ue_id = 'Z8WHRFGMX1E7WKB3C8AX';
}
</script>
</head>
<body>

<!--
        To discuss automated access to Amazon data please contact api-services-support@amazon.com.
        For information about migrating to our APIs refer to our Marketplace APIs at https://developer.amazonservices.com/ref=rm_c_sv, or our Product Advertising API at https://affiliate-program.amazon.com/gp/advertising/api/detail/main.html/ref=rm_c_ac for advertising use cases.
-->

<!--
Correios.DoNotSend
-->

<div class="a-container a-padding-double-large" style="min-width:350px;padding:44px 0 !important">

    <div class="a-row a-spacing-double-large" style="width: 350px; margin: 0 auto">

        <div class="a-row a-spacing-medium a-text-center"><i class="a-icon a-logo"></i></div>

        <div class="a-box a-alert a-alert-info a-spacing-base">
            <div class="a-box-inner">
                <i class="a-icon a-icon-alert"></i>
                <h4>Enter the characters you see below</h4>
                <p class="a-last">Sorry, we just need to make sure you're not a robot. For best results, please make sure your browser is accepting cookies.</p>
                </div>
            </div>

            <div class="a-section">

                <div class="a-box a-color-offset-background">
                    <div class="a-box-inner a-padding-extra-large">

                        <form method="get" action="/errors/validateCaptcha" name="">
                            <input type=hidden name="amzn" value="KybqgQM0NgPf1QGcKut0Jw==" /><input type=hidden name="amzn-r" value="&#047;Generic&#045;Fidget1&#045;Relieves&#045;Anxiety&#045;Attention&#047;dp&#047;B01N3UN0QE&#047;ref&#061;sr_1_11&#047;161&#045;6314320&#045;0053035?s&#061;toys&#045;and&#045;games&amp;ie&#061;UTF8&amp;qid&#061;1487434091&amp;sr&#061;1&#045;11&amp;keywords&#061;toys" /><input type=hidden name="amzn-pt" value="Detail" />
                            <div class="a-row a-spacing-large">
                                <div class="a-box">
                                    <div class="a-box-inner">
                                        <h4>Type the characters you see in this image:</h4>
                                        <div class="a-row a-text-center">
                                            <img src="https://images-na.ssl-images-amazon.com/captcha/rhnrlggh/Captcha_ybcbdexduw.jpg">
                                        </div>
                                        <div class="a-row a-spacing-base">
                                            <div class="a-row">
                                                <div class="a-column a-span6">
                                                </div>
                                                <div class="a-column a-span6 a-span-last a-text-right">
                                                    <a onclick="window.location.reload()">Try different image</a>
                                                </div>
                                            </div>
                                            <input autocomplete="off" spellcheck="false" placeholder="Type characters" id="captchacharacters" name="field-keywords" class="a-span12" autocapitalize="off" autocorrect="off" type="text">
                                        </div>
                                    </div>
                                </div>
                            </div>

                            <div class="a-section a-spacing-extra-large">

                                <div class="a-row">
                                    <span class="a-button a-button-primary a-span12">
                                        <span class="a-button-inner">
                                            <button type="submit" class="a-button-text">Continue shopping</button>,https://www.amazon.com/Generic-Fidget1-Relieves-Anxiety-Attention/dp/B01N3UN0QE/ref=sr_1_11/161-6314320-0053035?s=toys-and-games&ie=UTF8&qid=1487434091&sr=1-11&keywords=toys,, ,https://images-na.ssl-images-amazon.com/images/I/51iRXHPIQOL._AC_US160_.jpg
"en-us" class="a-no-js a-lt-ie9 a-lt-ie8 a-lt-ie7"> <![endif]-->
<!--[if IE 7]>    <html lang="en-us" class="a-no-js a-lt-ie9 a-lt-ie8"> <![endif]-->
<!--[if IE 8]>    <html lang="en-us" class="a-no-js a-lt-ie9"> <![endif]-->
<!--[if gt IE 8]><!-->
<html class="a-no-js" lang="en-us"><!--<![endif]--><head>
<meta http-equiv="content-type" content="text/html; charset=UTF-8">
<meta charset="utf-8">
<meta http-equiv="X-UA-Compatible" content="IE=edge,chrome=1">
<title dir="ltr">Robot Check</title>
<meta name="viewport" content="width=device-width">
<link rel="stylesheet" href="https://images-na.ssl-images-amazon.com/images/G/01/AUIClients/AmazonUI-3c913031596ca78a3768f4e934b1cc02ce238101.secure.min._V1_.css">
<script>

if (true === true) {
    var ue_t0 = (+ new Date()),
        ue_csm = window,
        ue = { t0: ue_t0, d: function() { return (+new Date() - ue_t0); } },
        ue_furl = "fls-na.amazon.com",
        ue_mid = "ATVPDKIKX0DER",
        ue_sid = (document.cookie.match(/session-id=([0-9-]+)/) || [])[1],
        ue_sn = "opfcaptcha.amazon.com",
        ue_id = 'SKRV1FZD7Z6J745GCVRC';
}
</script>
</head>
<body>

<!--
        To discuss automated access to Amazon data please contact api-services-support@amazon.com.
        For information about migrating to our APIs refer to our Marketplace APIs at https://developer.amazonservices.com/ref=rm_c_sv, or our Product Advertising API at https://affiliate-program.amazon.com/gp/advertising/api/detail/main.html/ref=rm_c_ac for advertising use cases.
-->

<!--
Correios.DoNotSend
-->

<div class="a-container a-padding-double-large" style="min-width:350px;padding:44px 0 !important">

    <div class="a-row a-spacing-double-large" style="width: 350px; margin: 0 auto">

        <div class="a-row a-spacing-medium a-text-center"><i class="a-icon a-logo"></i></div>

        <div class="a-box a-alert a-alert-info a-spacing-base">
            <div class="a-box-inner">
                <i class="a-icon a-icon-alert"></i>
                <h4>Enter the characters you see below</h4>
                <p class="a-last">Sorry, we just need to make sure you're not a robot. For best results, please make sure your browser is accepting cookies.</p>
                </div>
            </div>

            <div class="a-section">

                <div class="a-box a-color-offset-background">
                    <div class="a-box-inner a-padding-extra-large">

                        <form method="get" action="/errors/validateCaptcha" name="">
                            <input type=hidden name="amzn" value="1LU2ILXHsPfZi0fNBMZbUQ==" /><input type=hidden name="amzn-r" value="&#047;Crayola&#045;Colored&#045;Pencils&#045;Pre&#045;sharpened&#045;Coloring&#047;dp&#047;B018HB2QFU&#047;ref&#061;sr_1_12&#047;161&#045;6314320&#045;0053035?s&#061;toys&#045;and&#045;games&amp;ie&#061;UTF8&amp;qid&#061;1487434091&amp;sr&#061;1&#045;12&amp;keywords&#061;toys" /><input type=hidden name="amzn-pt" value="Detail" />
                            <div class="a-row a-spacing-large">
                                <div class="a-box">
                                    <div class="a-box-inner">
                                        <h4>Type the characters you see in this image:</h4>
                                        <div class="a-row a-text-center">
                                            <img src="https://images-na.ssl-images-amazon.com/captcha/druexhzz/Captcha_txrsmsoohh.jpg">
                                        </div>
                                        <div class="a-row a-spacing-base">
                                            <div class="a-row">
                                                <div class="a-column a-span6">
                                                </div>
                                                <div class="a-column a-span6 a-span-last a-text-right">
                                                    <a onclick="window.location.reload()">Try different image</a>
                                                </div>
                                            </div>
                                            <input autocomplete="off" spellcheck="false" placeholder="Type characters" id="captchacharacters" name="field-keywords" class="a-span12" autocapitalize="off" autocorrect="off" type="text">
                                        </div>
                                    </div>
                                </div>
                            </div>

                            <div class="a-section a-spacing-extra-large">

                                <div class="a-row">
                                    <span class="a-button a-button-primary a-span12">
                                        <span class="a-button-inner">
                                            <button type="submit" class="a-button-text">Continue shopping</button>,https://www.amazon.com/Crayola-Colored-Pencils-Pre-sharpened-Coloring/dp/B018HB2QFU/ref=sr_1_12/161-6314320-0053035?s=toys-and-games&ie=UTF8&qid=1487434091&sr=1-12&keywords=toys,, ,https://images-na.ssl-images-amazon.com/images/I/41pT10eFkzL._AC_US160_.jpg
"en-us" class="a-no-js a-lt-ie9 a-lt-ie8 a-lt-ie7"> <![endif]-->
<!--[if IE 7]>    <html lang="en-us" class="a-no-js a-lt-ie9 a-lt-ie8"> <![endif]-->
<!--[if IE 8]>    <html lang="en-us" class="a-no-js a-lt-ie9"> <![endif]-->
<!--[if gt IE 8]><!-->
<html class="a-no-js" lang="en-us"><!--<![endif]--><head>
<meta http-equiv="content-type" content="text/html; charset=UTF-8">
<meta charset="utf-8">
<meta http-equiv="X-UA-Compatible" content="IE=edge,chrome=1">
<title dir="ltr">Robot Check</title>
<meta name="viewport" content="width=device-width">
<link rel="stylesheet" href="https://images-na.ssl-images-amazon.com/images/G/01/AUIClients/AmazonUI-3c913031596ca78a3768f4e934b1cc02ce238101.secure.min._V1_.css">
<script>

if (true === true) {
    var ue_t0 = (+ new Date()),
        ue_csm = window,
        ue = { t0: ue_t0, d: function() { return (+new Date() - ue_t0); } },
        ue_furl = "fls-na.amazon.com",
        ue_mid = "ATVPDKIKX0DER",
        ue_sid = (document.cookie.match(/session-id=([0-9-]+)/) || [])[1],
        ue_sn = "opfcaptcha.amazon.com",
        ue_id = '5Y9WT095JWEQZ37CT9SK';
}
</script>
</head>
<body>

<!--
        To discuss automated access to Amazon data please contact api-services-support@amazon.com.
        For information about migrating to our APIs refer to our Marketplace APIs at https://developer.amazonservices.com/ref=rm_c_sv, or our Product Advertising API at https://affiliate-program.amazon.com/gp/advertising/api/detail/main.html/ref=rm_c_ac for advertising use cases.
-->

<!--
Correios.DoNotSend
-->

<div class="a-container a-padding-double-large" style="min-width:350px;padding:44px 0 !important">

    <div class="a-row a-spacing-double-large" style="width: 350px; margin: 0 auto">

        <div class="a-row a-spacing-medium a-text-center"><i class="a-icon a-logo"></i></div>

        <div class="a-box a-alert a-alert-info a-spacing-base">
            <div class="a-box-inner">
                <i class="a-icon a-icon-alert"></i>
                <h4>Enter the characters you see below</h4>
                <p class="a-last">Sorry, we just need to make sure you're not a robot. For best results, please make sure your browser is accepting cookies.</p>
                </div>
            </div>

            <div class="a-section">

                <div class="a-box a-color-offset-background">
                    <div class="a-box-inner a-padding-extra-large">

                        <form method="get" action="/errors/validateCaptcha" name="">
                            <input type=hidden name="amzn" value="t0mxlqopX43h9FEqsRquAw==" /><input type=hidden name="amzn-r" value="&#047;Play&#045;Doh&#045;10&#045;Pack&#045;Colors&#045;Amazon&#045;Exclusive&#047;dp&#047;B00JM5GW10&#047;ref&#061;sr_1_13&#047;161&#045;6314320&#045;0053035?s&#061;toys&#045;and&#045;games&amp;ie&#061;UTF8&amp;qid&#061;1487434091&amp;sr&#061;1&#045;13&amp;keywords&#061;toys" /><input type=hidden name="amzn-pt" value="Detail" />
                            <div class="a-row a-spacing-large">
                                <div class="a-box">
                                    <div class="a-box-inner">
                                        <h4>Type the characters you see in this image:</h4>
                                        <div class="a-row a-text-center">
                                            <img src="https://images-na.ssl-images-amazon.com/captcha/qujzzelu/Captcha_dywhwaopyz.jpg">
                                        </div>
                                        <div class="a-row a-spacing-base">
                                            <div class="a-row">
                                                <div class="a-column a-span6">
                                                </div>
                                                <div class="a-column a-span6 a-span-last a-text-right">
                                                    <a onclick="window.location.reload()">Try different image</a>
                                                </div>
                                            </div>
                                            <input autocomplete="off" spellcheck="false" placeholder="Type characters" id="captchacharacters" name="field-keywords" class="a-span12" autocapitalize="off" autocorrect="off" type="text">
                                        </div>
                                    </div>
                                </div>
                            </div>

                            <div class="a-section a-spacing-extra-large">

                                <div class="a-row">
                                    <span class="a-button a-button-primary a-span12">
                                        <span class="a-button-inner">
                                            <button type="submit" class="a-button-text">Continue shopping</button>,https://www.amazon.com/Play-Doh-10-Pack-Colors-Amazon-Exclusive/dp/B00JM5GW10/ref=sr_1_13/161-6314320-0053035?s=toys-and-games&ie=UTF8&qid=1487434091&sr=1-13&keywords=toys,, ,https://images-na.ssl-images-amazon.com/images/I/61TjYboC6xL._AC_US160_.jpg
"en-us" class="a-no-js a-lt-ie9 a-lt-ie8 a-lt-ie7"> <![endif]-->
<!--[if IE 7]>    <html lang="en-us" class="a-no-js a-lt-ie9 a-lt-ie8"> <![endif]-->
<!--[if IE 8]>    <html lang="en-us" class="a-no-js a-lt-ie9"> <![endif]-->
<!--[if gt IE 8]><!-->
<html class="a-no-js" lang="en-us"><!--<![endif]--><head>
<meta http-equiv="content-type" content="text/html; charset=UTF-8">
<meta charset="utf-8">
<meta http-equiv="X-UA-Compatible" content="IE=edge,chrome=1">
<title dir="ltr">Robot Check</title>
<meta name="viewport" content="width=device-width">
<link rel="stylesheet" href="https://images-na.ssl-images-amazon.com/images/G/01/AUIClients/AmazonUI-3c913031596ca78a3768f4e934b1cc02ce238101.secure.min._V1_.css">
<script>

if (true === true) {
    var ue_t0 = (+ new Date()),
        ue_csm = window,
        ue = { t0: ue_t0, d: function() { return (+new Date() - ue_t0); } },
        ue_furl = "fls-na.amazon.com",
        ue_mid = "ATVPDKIKX0DER",
        ue_sid = (document.cookie.match(/session-id=([0-9-]+)/) || [])[1],
        ue_sn = "opfcaptcha.amazon.com",
        ue_id = '74JW5D09G4M69HAAJESC';
}
</script>
</head>
<body>

<!--
        To discuss automated access to Amazon data please contact api-services-support@amazon.com.
        For information about migrating to our APIs refer to our Marketplace APIs at https://developer.amazonservices.com/ref=rm_c_sv, or our Product Advertising API at https://affiliate-program.amazon.com/gp/advertising/api/detail/main.html/ref=rm_c_ac for advertising use cases.
-->

<!--
Correios.DoNotSend
-->

<div class="a-container a-padding-double-large" style="min-width:350px;padding:44px 0 !important">

    <div class="a-row a-spacing-double-large" style="width: 350px; margin: 0 auto">

        <div class="a-row a-spacing-medium a-text-center"><i class="a-icon a-logo"></i></div>

        <div class="a-box a-alert a-alert-info a-spacing-base">
            <div class="a-box-inner">
                <i class="a-icon a-icon-alert"></i>
                <h4>Enter the characters you see below</h4>
                <p class="a-last">Sorry, we just need to make sure you're not a robot. For best results, please make sure your browser is accepting cookies.</p>
                </div>
            </div>

            <div class="a-section">

                <div class="a-box a-color-offset-background">
                    <div class="a-box-inner a-padding-extra-large">

                        <form method="get" action="/errors/validateCaptcha" name="">
                            <input type=hidden name="amzn" value="NvZG/XocCiOP4LqVF/z3DQ==" /><input type=hidden name="amzn-r" value="&#047;Hasbro&#045;C2018000&#045;Speak&#045;Out&#045;Game&#047;dp&#047;B01HH0NTDA&#047;ref&#061;sr_1_14&#047;161&#045;6314320&#045;0053035?s&#061;toys&#045;and&#045;games&amp;ie&#061;UTF8&amp;qid&#061;1487434091&amp;sr&#061;1&#045;14&amp;keywords&#061;toys" /><input type=hidden name="amzn-pt" value="Detail" />
                            <div class="a-row a-spacing-large">
                                <div class="a-box">
                                    <div class="a-box-inner">
                                        <h4>Type the characters you see in this image:</h4>
                                        <div class="a-row a-text-center">
                                            <img src="https://images-na.ssl-images-amazon.com/captcha/derqnxxq/Captcha_asqrmvwjxw.jpg">
                                        </div>
                                        <div class="a-row a-spacing-base">
                                            <div class="a-row">
                                                <div class="a-column a-span6">
                                                </div>
                                                <div class="a-column a-span6 a-span-last a-text-right">
                                                    <a onclick="window.location.reload()">Try different image</a>
                                                </div>
                                            </div>
                                            <input autocomplete="off" spellcheck="false" placeholder="Type characters" id="captchacharacters" name="field-keywords" class="a-span12" autocapitalize="off" autocorrect="off" type="text">
                                        </div>
                                    </div>
                                </div>
                            </div>

                            <div class="a-section a-spacing-extra-large">

                                <div class="a-row">
                                    <span class="a-button a-button-primary a-span12">
                                        <span class="a-button-inner">
                                            <button type="submit" class="a-button-text">Continue shopping</button>,https://www.amazon.com/Hasbro-C2018000-Speak-Out-Game/dp/B01HH0NTDA/ref=sr_1_14/161-6314320-0053035?s=toys-and-games&ie=UTF8&qid=1487434091&sr=1-14&keywords=toys,, ,https://images-na.ssl-images-amazon.com/images/I/51JAmGGubjL._AC_US160_.jpg
"en-us" class="a-no-js a-lt-ie9 a-lt-ie8 a-lt-ie7"> <![endif]-->
<!--[if IE 7]>    <html lang="en-us" class="a-no-js a-lt-ie9 a-lt-ie8"> <![endif]-->
<!--[if IE 8]>    <html lang="en-us" class="a-no-js a-lt-ie9"> <![endif]-->
<!--[if gt IE 8]><!-->
<html class="a-no-js" lang="en-us"><!--<![endif]--><head>
<meta http-equiv="content-type" content="text/html; charset=UTF-8">
<meta charset="utf-8">
<meta http-equiv="X-UA-Compatible" content="IE=edge,chrome=1">
<title dir="ltr">Robot Check</title>
<meta name="viewport" content="width=device-width">
<link rel="stylesheet" href="https://images-na.ssl-images-amazon.com/images/G/01/AUIClients/AmazonUI-3c913031596ca78a3768f4e934b1cc02ce238101.secure.min._V1_.css">
<script>

if (true === true) {
    var ue_t0 = (+ new Date()),
        ue_csm = window,
        ue = { t0: ue_t0, d: function() { return (+new Date() - ue_t0); } },
        ue_furl = "fls-na.amazon.com",
        ue_mid = "ATVPDKIKX0DER",
        ue_sid = (document.cookie.match(/session-id=([0-9-]+)/) || [])[1],
        ue_sn = "opfcaptcha.amazon.com",
        ue_id = '11KHZN5JP9XE12T1D93T';
}
</script>
</head>
<body>

<!--
        To discuss automated access to Amazon data please contact api-services-support@amazon.com.
        For information about migrating to our APIs refer to our Marketplace APIs at https://developer.amazonservices.com/ref=rm_c_sv, or our Product Advertising API at https://affiliate-program.amazon.com/gp/advertising/api/detail/main.html/ref=rm_c_ac for advertising use cases.
-->

<!--
Correios.DoNotSend
-->

<div class="a-container a-padding-double-large" style="min-width:350px;padding:44px 0 !important">

    <div class="a-row a-spacing-double-large" style="width: 350px; margin: 0 auto">

        <div class="a-row a-spacing-medium a-text-center"><i class="a-icon a-logo"></i></div>

        <div class="a-box a-alert a-alert-info a-spacing-base">
            <div class="a-box-inner">
                <i class="a-icon a-icon-alert"></i>
                <h4>Enter the characters you see below</h4>
                <p class="a-last">Sorry, we just need to make sure you're not a robot. For best results, please make sure your browser is accepting cookies.</p>
                </div>
            </div>

            <div class="a-section">

                <div class="a-box a-color-offset-background">
                    <div class="a-box-inner a-padding-extra-large">

                        <form method="get" action="/errors/validateCaptcha" name="">
                            <input type=hidden name="amzn" value="Oar+LojLetsJ6urx6Sf59A==" /><input type=hidden name="amzn-r" value="&#047;Sakura&#045;30067&#045;8&#045;Piece&#045;Micron&#045;Graphic&#047;dp&#047;B004QHI43S&#047;ref&#061;sr_1_15&#047;161&#045;6314320&#045;0053035?s&#061;toys&#045;and&#045;games&amp;ie&#061;UTF8&amp;qid&#061;1487434091&amp;sr&#061;1&#045;15&amp;keywords&#061;toys" /><input type=hidden name="amzn-pt" value="Detail" />
                            <div class="a-row a-spacing-large">
                                <div class="a-box">
                                    <div class="a-box-inner">
                                        <h4>Type the characters you see in this image:</h4>
                                        <div class="a-row a-text-center">
                                            <img src="https://images-na.ssl-images-amazon.com/captcha/imzrkqqo/Captcha_laybpovmui.jpg">
                                        </div>
                                        <div class="a-row a-spacing-base">
                                            <div class="a-row">
                                                <div class="a-column a-span6">
                                                </div>
                                                <div class="a-column a-span6 a-span-last a-text-right">
                                                    <a onclick="window.location.reload()">Try different image</a>
                                                </div>
                                            </div>
                                            <input autocomplete="off" spellcheck="false" placeholder="Type characters" id="captchacharacters" name="field-keywords" class="a-span12" autocapitalize="off" autocorrect="off" type="text">
                                        </div>
                                    </div>
                                </div>
                            </div>

                            <div class="a-section a-spacing-extra-large">

                                <div class="a-row">
                                    <span class="a-button a-button-primary a-span12">
                                        <span class="a-button-inner">
                                            <button type="submit" class="a-button-text">Continue shopping</button>,https://www.amazon.com/Sakura-30067-8-Piece-Micron-Graphic/dp/B004QHI43S/ref=sr_1_15/161-6314320-0053035?s=toys-and-games&ie=UTF8&qid=1487434091&sr=1-15&keywords=toys,, ,https://images-na.ssl-images-amazon.com/images/I/61ZJuP6fwgL._AC_US160_.jpg
"en-us" class="a-no-js a-lt-ie9 a-lt-ie8 a-lt-ie7"> <![endif]-->
<!--[if IE 7]>    <html lang="en-us" class="a-no-js a-lt-ie9 a-lt-ie8"> <![endif]-->
<!--[if IE 8]>    <html lang="en-us" class="a-no-js a-lt-ie9"> <![endif]-->
<!--[if gt IE 8]><!-->
<html class="a-no-js" lang="en-us"><!--<![endif]--><head>
<meta http-equiv="content-type" content="text/html; charset=UTF-8">
<meta charset="utf-8">
<meta http-equiv="X-UA-Compatible" content="IE=edge,chrome=1">
<title dir="ltr">Robot Check</title>
<meta name="viewport" content="width=device-width">
<link rel="stylesheet" href="https://images-na.ssl-images-amazon.com/images/G/01/AUIClients/AmazonUI-3c913031596ca78a3768f4e934b1cc02ce238101.secure.min._V1_.css">
<script>

if (true === true) {
    var ue_t0 = (+ new Date()),
        ue_csm = window,
        ue = { t0: ue_t0, d: function() { return (+new Date() - ue_t0); } },
        ue_furl = "fls-na.amazon.com",
        ue_mid = "ATVPDKIKX0DER",
        ue_sid = (document.cookie.match(/session-id=([0-9-]+)/) || [])[1],
        ue_sn = "opfcaptcha.amazon.com",
        ue_id = '2ZGP3QZJ59GYRSY7CRNM';
}
</script>
</head>
<body>

<!--
        To discuss automated access to Amazon data please contact api-services-support@amazon.com.
        For information about migrating to our APIs refer to our Marketplace APIs at https://developer.amazonservices.com/ref=rm_c_sv, or our Product Advertising API at https://affiliate-program.amazon.com/gp/advertising/api/detail/main.html/ref=rm_c_ac for advertising use cases.
-->

<!--
Correios.DoNotSend
-->

<div class="a-container a-padding-double-large" style="min-width:350px;padding:44px 0 !important">

    <div class="a-row a-spacing-double-large" style="width: 350px; margin: 0 auto">

        <div class="a-row a-spacing-medium a-text-center"><i class="a-icon a-logo"></i></div>

        <div class="a-box a-alert a-alert-info a-spacing-base">
            <div class="a-box-inner">
                <i class="a-icon a-icon-alert"></i>
                <h4>Enter the characters you see below</h4>
                <p class="a-last">Sorry, we just need to make sure you're not a robot. For best results, please make sure your browser is accepting cookies.</p>
                </div>
            </div>

            <div class="a-section">

                <div class="a-box a-color-offset-background">
                    <div class="a-box-inner a-padding-extra-large">

                        <form method="get" action="/errors/validateCaptcha" name="">
                            <input type=hidden name="amzn" value="NYHSCzZMtNvbshaoHMbJlw==" /><input type=hidden name="amzn-r" value="&#047;What&#045;Do&#045;You&#045;Meme&#045;WDYM&#047;dp&#047;B01MRG7T0D&#047;ref&#061;sr_1_16&#047;161&#045;6314320&#045;0053035?s&#061;toys&#045;and&#045;games&amp;ie&#061;UTF8&amp;qid&#061;1487434091&amp;sr&#061;1&#045;16&amp;keywords&#061;toys" /><input type=hidden name="amzn-pt" value="Detail" />
                            <div class="a-row a-spacing-large">
                                <div class="a-box">
                                    <div class="a-box-inner">
                                        <h4>Type the characters you see in this image:</h4>
                                        <div class="a-row a-text-center">
                                            <img src="https://images-na.ssl-images-amazon.com/captcha/ahkfsmoa/Captcha_dwizoutgta.jpg">
                                        </div>
                                        <div class="a-row a-spacing-base">
                                            <div class="a-row">
                                                <div class="a-column a-span6">
                                                </div>
                                                <div class="a-column a-span6 a-span-last a-text-right">
                                                    <a onclick="window.location.reload()">Try different image</a>
                                                </div>
                                            </div>
                                            <input autocomplete="off" spellcheck="false" placeholder="Type characters" id="captchacharacters" name="field-keywords" class="a-span12" autocapitalize="off" autocorrect="off" type="text">
                                        </div>
                                    </div>
                                </div>
                            </div>

                            <div class="a-section a-spacing-extra-large">

                                <div class="a-row">
                                    <span class="a-button a-button-primary a-span12">
                                        <span class="a-button-inner">
                                            <button type="submit" class="a-button-text">Continue shopping</button>,https://www.amazon.com/What-Do-You-Meme-WDYM/dp/B01MRG7T0D/ref=sr_1_16/161-6314320-0053035?s=toys-and-games&ie=UTF8&qid=1487434091&sr=1-16&keywords=toys,, ,https://images-na.ssl-images-amazon.com/images/I/51UaZqPaAiL._AC_US160_.jpg
"en-us" class="a-no-js a-lt-ie9 a-lt-ie8 a-lt-ie7"> <![endif]-->
<!--[if IE 7]>    <html lang="en-us" class="a-no-js a-lt-ie9 a-lt-ie8"> <![endif]-->
<!--[if IE 8]>    <html lang="en-us" class="a-no-js a-lt-ie9"> <![endif]-->
<!--[if gt IE 8]><!-->
<html class="a-no-js" lang="en-us"><!--<![endif]--><head>
<meta http-equiv="content-type" content="text/html; charset=UTF-8">
<meta charset="utf-8">
<meta http-equiv="X-UA-Compatible" content="IE=edge,chrome=1">
<title dir="ltr">Robot Check</title>
<meta name="viewport" content="width=device-width">
<link rel="stylesheet" href="https://images-na.ssl-images-amazon.com/images/G/01/AUIClients/AmazonUI-3c913031596ca78a3768f4e934b1cc02ce238101.secure.min._V1_.css">
<script>

if (true === true) {
    var ue_t0 = (+ new Date()),
        ue_csm = window,
        ue = { t0: ue_t0, d: function() { return (+new Date() - ue_t0); } },
        ue_furl = "fls-na.amazon.com",
        ue_mid = "ATVPDKIKX0DER",
        ue_sid = (document.cookie.match(/session-id=([0-9-]+)/) || [])[1],
        ue_sn = "opfcaptcha.amazon.com",
        ue_id = 'RM67W977YYJXB8AB6RTM';
}
</script>
</head>
<body>

<!--
        To discuss automated access to Amazon data please contact api-services-support@amazon.com.
        For information about migrating to our APIs refer to our Marketplace APIs at https://developer.amazonservices.com/ref=rm_c_sv, or our Product Advertising API at https://affiliate-program.amazon.com/gp/advertising/api/detail/main.html/ref=rm_c_ac for advertising use cases.
-->

<!--
Correios.DoNotSend
-->

<div class="a-container a-padding-double-large" style="min-width:350px;padding:44px 0 !important">

    <div class="a-row a-spacing-double-large" style="width: 350px; margin: 0 auto">

        <div class="a-row a-spacing-medium a-text-center"><i class="a-icon a-logo"></i></div>

        <div class="a-box a-alert a-alert-info a-spacing-base">
            <div class="a-box-inner">
                <i class="a-icon a-icon-alert"></i>
                <h4>Enter the characters you see below</h4>
                <p class="a-last">Sorry, we just need to make sure you're not a robot. For best results, please make sure your browser is accepting cookies.</p>
                </div>
            </div>

            <div class="a-section">

                <div class="a-box a-color-offset-background">
                    <div class="a-box-inner a-padding-extra-large">

                        <form method="get" action="/errors/validateCaptcha" name="">
                            <input type=hidden name="amzn" value="OlyPvmzG7ne7ISwyQOCAAw==" /><input type=hidden name="amzn-r" value="&#047;Crazy&#045;Aarons&#045;Thinking&#045;Putty&#045;Attractor&#047;dp&#047;B001BS3FHU&#047;ref&#061;sr_1_17&#047;161&#045;6314320&#045;0053035?s&#061;toys&#045;and&#045;games&amp;ie&#061;UTF8&amp;qid&#061;1487434091&amp;sr&#061;1&#045;17&amp;keywords&#061;toys" /><input type=hidden name="amzn-pt" value="Detail" />
                            <div class="a-row a-spacing-large">
                                <div class="a-box">
                                    <div class="a-box-inner">
                                        <h4>Type the characters you see in this image:</h4>
                                        <div class="a-row a-text-center">
                                            <img src="https://images-na.ssl-images-amazon.com/captcha/dgbcpgrn/Captcha_etbpkulovx.jpg">
                                        </div>
                                        <div class="a-row a-spacing-base">
                                            <div class="a-row">
                                                <div class="a-column a-span6">
                                                </div>
                                                <div class="a-column a-span6 a-span-last a-text-right">
                                                    <a onclick="window.location.reload()">Try different image</a>
                                                </div>
                                            </div>
                                            <input autocomplete="off" spellcheck="false" placeholder="Type characters" id="captchacharacters" name="field-keywords" class="a-span12" autocapitalize="off" autocorrect="off" type="text">
                                        </div>
                                    </div>
                                </div>
                            </div>

                            <div class="a-section a-spacing-extra-large">

                                <div class="a-row">
                                    <span class="a-button a-button-primary a-span12">
                                        <span class="a-button-inner">
                                            <button type="submit" class="a-button-text">Continue shopping</button>,https://www.amazon.com/Crazy-Aarons-Thinking-Putty-Attractor/dp/B001BS3FHU/ref=sr_1_17/161-6314320-0053035?s=toys-and-games&ie=UTF8&qid=1487434091&sr=1-17&keywords=toys,, ,https://images-na.ssl-images-amazon.com/images/I/31IL3FpbzNL._AC_US160_.jpg
"en-us" class="a-no-js a-lt-ie9 a-lt-ie8 a-lt-ie7"> <![endif]-->
<!--[if IE 7]>    <html lang="en-us" class="a-no-js a-lt-ie9 a-lt-ie8"> <![endif]-->
<!--[if IE 8]>    <html lang="en-us" class="a-no-js a-lt-ie9"> <![endif]-->
<!--[if gt IE 8]><!-->
<html class="a-no-js" lang="en-us"><!--<![endif]--><head>
<meta http-equiv="content-type" content="text/html; charset=UTF-8">
<meta charset="utf-8">
<meta http-equiv="X-UA-Compatible" content="IE=edge,chrome=1">
<title dir="ltr">Robot Check</title>
<meta name="viewport" content="width=device-width">
<link rel="stylesheet" href="https://images-na.ssl-images-amazon.com/images/G/01/AUIClients/AmazonUI-3c913031596ca78a3768f4e934b1cc02ce238101.secure.min._V1_.css">
<script>

if (true === true) {
    var ue_t0 = (+ new Date()),
        ue_csm = window,
        ue = { t0: ue_t0, d: function() { return (+new Date() - ue_t0); } },
        ue_furl = "fls-na.amazon.com",
        ue_mid = "ATVPDKIKX0DER",
        ue_sid = (document.cookie.match(/session-id=([0-9-]+)/) || [])[1],
        ue_sn = "opfcaptcha.amazon.com",
        ue_id = '9DM0YZP56762QP6TRAX2';
}
</script>
</head>
<body>

<!--
        To discuss automated access to Amazon data please contact api-services-support@amazon.com.
        For information about migrating to our APIs refer to our Marketplace APIs at https://developer.amazonservices.com/ref=rm_c_sv, or our Product Advertising API at https://affiliate-program.amazon.com/gp/advertising/api/detail/main.html/ref=rm_c_ac for advertising use cases.
-->

<!--
Correios.DoNotSend
-->

<div class="a-container a-padding-double-large" style="min-width:350px;padding:44px 0 !important">

    <div class="a-row a-spacing-double-large" style="width: 350px; margin: 0 auto">

        <div class="a-row a-spacing-medium a-text-center"><i class="a-icon a-logo"></i></div>

        <div class="a-box a-alert a-alert-info a-spacing-base">
            <div class="a-box-inner">
                <i class="a-icon a-icon-alert"></i>
                <h4>Enter the characters you see below</h4>
                <p class="a-last">Sorry, we just need to make sure you're not a robot. For best results, please make sure your browser is accepting cookies.</p>
                </div>
            </div>

            <div class="a-section">

                <div class="a-box a-color-offset-background">
                    <div class="a-box-inner a-padding-extra-large">

                        <form method="get" action="/errors/validateCaptcha" name="">
                            <input type=hidden name="amzn" value="+66v79RSTFd3MgfV3LhsLw==" /><input type=hidden name="amzn-r" value="&#047;OK&#045;Wake&#045;Alarm&#045;Clock&#045;Night&#045;Light&#047;dp&#047;B00EAHSBV4&#047;ref&#061;sr_1_18&#047;161&#045;6314320&#045;0053035?s&#061;toys&#045;and&#045;games&amp;ie&#061;UTF8&amp;qid&#061;1487434091&amp;sr&#061;1&#045;18&amp;keywords&#061;toys" /><input type=hidden name="amzn-pt" value="Detail" />
                            <div class="a-row a-spacing-large">
                                <div class="a-box">
                                    <div class="a-box-inner">
                                        <h4>Type the characters you see in this image:</h4>
                                        <div class="a-row a-text-center">
                                            <img src="https://images-na.ssl-images-amazon.com/captcha/druexhzz/Captcha_olfaihaupt.jpg">
                                        </div>
                                        <div class="a-row a-spacing-base">
                                            <div class="a-row">
                                                <div class="a-column a-span6">
                                                </div>
                                                <div class="a-column a-span6 a-span-last a-text-right">
                                                    <a onclick="window.location.reload()">Try different image</a>
                                                </div>
                                            </div>
                                            <input autocomplete="off" spellcheck="false" placeholder="Type characters" id="captchacharacters" name="field-keywords" class="a-span12" autocapitalize="off" autocorrect="off" type="text">
                                        </div>
                                    </div>
                                </div>
                            </div>

                            <div class="a-section a-spacing-extra-large">

                                <div class="a-row">
                                    <span class="a-button a-button-primary a-span12">
                                        <span class="a-button-inner">
                                            <button type="submit" class="a-button-text">Continue shopping</button>,https://www.amazon.com/OK-Wake-Alarm-Clock-Night-Light/dp/B00EAHSBV4/ref=sr_1_18/161-6314320-0053035?s=toys-and-games&ie=UTF8&qid=1487434091&sr=1-18&keywords=toys,, ,https://images-na.ssl-images-amazon.com/images/I/51sk0sxn9mL._AC_US160_.jpg
"en-us" class="a-no-js a-lt-ie9 a-lt-ie8 a-lt-ie7"> <![endif]-->
<!--[if IE 7]>    <html lang="en-us" class="a-no-js a-lt-ie9 a-lt-ie8"> <![endif]-->
<!--[if IE 8]>    <html lang="en-us" class="a-no-js a-lt-ie9"> <![endif]-->
<!--[if gt IE 8]><!-->
<html class="a-no-js" lang="en-us"><!--<![endif]--><head>
<meta http-equiv="content-type" content="text/html; charset=UTF-8">
<meta charset="utf-8">
<meta http-equiv="X-UA-Compatible" content="IE=edge,chrome=1">
<title dir="ltr">Robot Check</title>
<meta name="viewport" content="width=device-width">
<link rel="stylesheet" href="https://images-na.ssl-images-amazon.com/images/G/01/AUIClients/AmazonUI-3c913031596ca78a3768f4e934b1cc02ce238101.secure.min._V1_.css">
<script>

if (true === true) {
    var ue_t0 = (+ new Date()),
        ue_csm = window,
        ue = { t0: ue_t0, d: function() { return (+new Date() - ue_t0); } },
        ue_furl = "fls-na.amazon.com",
        ue_mid = "ATVPDKIKX0DER",
        ue_sid = (document.cookie.match(/session-id=([0-9-]+)/) || [])[1],
        ue_sn = "opfcaptcha.amazon.com",
        ue_id = 'WM27CHPGFWBYGHZDR2AJ';
}
</script>
</head>
<body>

<!--
        To discuss automated access to Amazon data please contact api-services-support@amazon.com.
        For information about migrating to our APIs refer to our Marketplace APIs at https://developer.amazonservices.com/ref=rm_c_sv, or our Product Advertising API at https://affiliate-program.amazon.com/gp/advertising/api/detail/main.html/ref=rm_c_ac for advertising use cases.
-->

<!--
Correios.DoNotSend
-->

<div class="a-container a-padding-double-large" style="min-width:350px;padding:44px 0 !important">

    <div class="a-row a-spacing-double-large" style="width: 350px; margin: 0 auto">

        <div class="a-row a-spacing-medium a-text-center"><i class="a-icon a-logo"></i></div>

        <div class="a-box a-alert a-alert-info a-spacing-base">
            <div class="a-box-inner">
                <i class="a-icon a-icon-alert"></i>
                <h4>Enter the characters you see below</h4>
                <p class="a-last">Sorry, we just need to make sure you're not a robot. For best results, please make sure your browser is accepting cookies.</p>
                </div>
            </div>

            <div class="a-section">

                <div class="a-box a-color-offset-background">
                    <div class="a-box-inner a-padding-extra-large">

                        <form method="get" action="/errors/validateCaptcha" name="">
                            <input type=hidden name="amzn" value="tJ0s5yL177vjDiWCxo4QXw==" /><input type=hidden name="amzn-r" value="&#047;NBA&#045;2K17&#045;Standard&#045;PlayStation&#045;4&#047;dp&#047;B01HTRJFGQ&#047;ref&#061;sr_1_19&#047;161&#045;6314320&#045;0053035?s&#061;toys&#045;and&#045;games&amp;ie&#061;UTF8&amp;qid&#061;1487434091&amp;sr&#061;1&#045;19&amp;keywords&#061;toys" /><input type=hidden name="amzn-pt" value="Detail" />
                            <div class="a-row a-spacing-large">
                                <div class="a-box">
                                    <div class="a-box-inner">
                                        <h4>Type the characters you see in this image:</h4>
                                        <div class="a-row a-text-center">
                                            <img src="https://images-na.ssl-images-amazon.com/captcha/twhhswbk/Captcha_etuxhspuzm.jpg">
                                        </div>
                                        <div class="a-row a-spacing-base">
                                            <div class="a-row">
                                                <div class="a-column a-span6">
                                                </div>
                                                <div class="a-column a-span6 a-span-last a-text-right">
                                                    <a onclick="window.location.reload()">Try different image</a>
                                                </div>
                                            </div>
                                            <input autocomplete="off" spellcheck="false" placeholder="Type characters" id="captchacharacters" name="field-keywords" class="a-span12" autocapitalize="off" autocorrect="off" type="text">
                                        </div>
                                    </div>
                                </div>
                            </div>

                            <div class="a-section a-spacing-extra-large">

                                <div class="a-row">
                                    <span class="a-button a-button-primary a-span12">
                                        <span class="a-button-inner">
                                            <button type="submit" class="a-button-text">Continue shopping</button>,https://www.amazon.com/NBA-2K17-Standard-PlayStation-4/dp/B01HTRJFGQ/ref=sr_1_19/161-6314320-0053035?s=toys-and-games&ie=UTF8&qid=1487434091&sr=1-19&keywords=toys,, ,https://images-na.ssl-images-amazon.com/images/I/313t01qTlzL._AC_US160_.jpg
"en-us" class="a-no-js a-lt-ie9 a-lt-ie8 a-lt-ie7"> <![endif]-->
<!--[if IE 7]>    <html lang="en-us" class="a-no-js a-lt-ie9 a-lt-ie8"> <![endif]-->
<!--[if IE 8]>    <html lang="en-us" class="a-no-js a-lt-ie9"> <![endif]-->
<!--[if gt IE 8]><!-->
<html class="a-no-js" lang="en-us"><!--<![endif]--><head>
<meta http-equiv="content-type" content="text/html; charset=UTF-8">
<meta charset="utf-8">
<meta http-equiv="X-UA-Compatible" content="IE=edge,chrome=1">
<title dir="ltr">Robot Check</title>
<meta name="viewport" content="width=device-width">
<link rel="stylesheet" href="https://images-na.ssl-images-amazon.com/images/G/01/AUIClients/AmazonUI-3c913031596ca78a3768f4e934b1cc02ce238101.secure.min._V1_.css">
<script>

if (true === true) {
    var ue_t0 = (+ new Date()),
        ue_csm = window,
        ue = { t0: ue_t0, d: function() { return (+new Date() - ue_t0); } },
        ue_furl = "fls-na.amazon.com",
        ue_mid = "ATVPDKIKX0DER",
        ue_sid = (document.cookie.match(/session-id=([0-9-]+)/) || [])[1],
        ue_sn = "opfcaptcha.amazon.com",
        ue_id = 'VFKJ0RXB7KX3F5VDP4MD';
}
</script>
</head>
<body>

<!--
        To discuss automated access to Amazon data please contact api-services-support@amazon.com.
        For information about migrating to our APIs refer to our Marketplace APIs at https://developer.amazonservices.com/ref=rm_c_sv, or our Product Advertising API at https://affiliate-program.amazon.com/gp/advertising/api/detail/main.html/ref=rm_c_ac for advertising use cases.
-->

<!--
Correios.DoNotSend
-->

<div class="a-container a-padding-double-large" style="min-width:350px;padding:44px 0 !important">

    <div class="a-row a-spacing-double-large" style="width: 350px; margin: 0 auto">

        <div class="a-row a-spacing-medium a-text-center"><i class="a-icon a-logo"></i></div>

        <div class="a-box a-alert a-alert-info a-spacing-base">
            <div class="a-box-inner">
                <i class="a-icon a-icon-alert"></i>
                <h4>Enter the characters you see below</h4>
                <p class="a-last">Sorry, we just need to make sure you're not a robot. For best results, please make sure your browser is accepting cookies.</p>
                </div>
            </div>

            <div class="a-section">

                <div class="a-box a-color-offset-background">
                    <div class="a-box-inner a-padding-extra-large">

                        <form method="get" action="/errors/validateCaptcha" name="">
                            <input type=hidden name="amzn" value="XxfldvSlJ8BnKPHej2wrow==" /><input type=hidden name="amzn-r" value="&#047;Cards&#045;Against&#045;Humanity&#045;Green&#045;Box&#047;dp&#047;B01J2RYK8E&#047;ref&#061;sr_1_20&#047;161&#045;6314320&#045;0053035?s&#061;toys&#045;and&#045;games&amp;ie&#061;UTF8&amp;qid&#061;1487434091&amp;sr&#061;1&#045;20&amp;keywords&#061;toys" /><input type=hidden name="amzn-pt" value="Detail" />
                            <div class="a-row a-spacing-large">
                                <div class="a-box">
                                    <div class="a-box-inner">
                                        <h4>Type the characters you see in this image:</h4>
                                        <div class="a-row a-text-center">
                                            <img src="https://images-na.ssl-images-amazon.com/captcha/nzwwotmg/Captcha_xomytgrlws.jpg">
                                        </div>
                                        <div class="a-row a-spacing-base">
                                            <div class="a-row">
                                                <div class="a-column a-span6">
                                                </div>
                                                <div class="a-column a-span6 a-span-last a-text-right">
                                                    <a onclick="window.location.reload()">Try different image</a>
                                                </div>
                                            </div>
                                            <input autocomplete="off" spellcheck="false" placeholder="Type characters" id="captchacharacters" name="field-keywords" class="a-span12" autocapitalize="off" autocorrect="off" type="text">
                                        </div>
                                    </div>
                                </div>
                            </div>

                            <div class="a-section a-spacing-extra-large">

                                <div class="a-row">
                                    <span class="a-button a-button-primary a-span12">
                                        <span class="a-button-inner">
                                            <button type="submit" class="a-button-text">Continue shopping</button>,https://www.amazon.com/Cards-Against-Humanity-Green-Box/dp/B01J2RYK8E/ref=sr_1_20/161-6314320-0053035?s=toys-and-games&ie=UTF8&qid=1487434091&sr=1-20&keywords=toys,, ,https://images-na.ssl-images-amazon.com/images/I/51wlIPcf0gL._AC_US160_.jpg
"en-us" class="a-no-js a-lt-ie9 a-lt-ie8 a-lt-ie7"> <![endif]-->
<!--[if IE 7]>    <html lang="en-us" class="a-no-js a-lt-ie9 a-lt-ie8"> <![endif]-->
<!--[if IE 8]>    <html lang="en-us" class="a-no-js a-lt-ie9"> <![endif]-->
<!--[if gt IE 8]><!-->
<html class="a-no-js" lang="en-us"><!--<![endif]--><head>
<meta http-equiv="content-type" content="text/html; charset=UTF-8">
<meta charset="utf-8">
<meta http-equiv="X-UA-Compatible" content="IE=edge,chrome=1">
<title dir="ltr">Robot Check</title>
<meta name="viewport" content="width=device-width">
<link rel="stylesheet" href="https://images-na.ssl-images-amazon.com/images/G/01/AUIClients/AmazonUI-3c913031596ca78a3768f4e934b1cc02ce238101.secure.min._V1_.css">
<script>

if (true === true) {
    var ue_t0 = (+ new Date()),
        ue_csm = window,
        ue = { t0: ue_t0, d: function() { return (+new Date() - ue_t0); } },
        ue_furl = "fls-na.amazon.com",
        ue_mid = "ATVPDKIKX0DER",
        ue_sid = (document.cookie.match(/session-id=([0-9-]+)/) || [])[1],
        ue_sn = "opfcaptcha.amazon.com",
        ue_id = 'X019D7Y2BXQGD7QS2MCF';
}
</script>
</head>
<body>

<!--
        To discuss automated access to Amazon data please contact api-services-support@amazon.com.
        For information about migrating to our APIs refer to our Marketplace APIs at https://developer.amazonservices.com/ref=rm_c_sv, or our Product Advertising API at https://affiliate-program.amazon.com/gp/advertising/api/detail/main.html/ref=rm_c_ac for advertising use cases.
-->

<!--
Correios.DoNotSend
-->

<div class="a-container a-padding-double-large" style="min-width:350px;padding:44px 0 !important">

    <div class="a-row a-spacing-double-large" style="width: 350px; margin: 0 auto">

        <div class="a-row a-spacing-medium a-text-center"><i class="a-icon a-logo"></i></div>

        <div class="a-box a-alert a-alert-info a-spacing-base">
            <div class="a-box-inner">
                <i class="a-icon a-icon-alert"></i>
                <h4>Enter the characters you see below</h4>
                <p class="a-last">Sorry, we just need to make sure you're not a robot. For best results, please make sure your browser is accepting cookies.</p>
                </div>
            </div>

            <div class="a-section">

                <div class="a-box a-color-offset-background">
                    <div class="a-box-inner a-padding-extra-large">

                        <form method="get" action="/errors/validateCaptcha" name="">
                            <input type=hidden name="amzn" value="cVDFTChJ5PkC4TeiJ0KNlA==" /><input type=hidden name="amzn-r" value="&#047;Pacon&#045;Lightweight&#045;Construction&#045;9&#045;Inches&#045;12&#045;Inches&#047;dp&#047;B0013CDJTS&#047;ref&#061;sr_1_21&#047;161&#045;6314320&#045;0053035?s&#061;toys&#045;and&#045;games&amp;ie&#061;UTF8&amp;qid&#061;1487434091&amp;sr&#061;1&#045;21&amp;keywords&#061;toys" /><input type=hidden name="amzn-pt" value="Detail" />
                            <div class="a-row a-spacing-large">
                                <div class="a-box">
                                    <div class="a-box-inner">
                                        <h4>Type the characters you see in this image:</h4>
                                        <div class="a-row a-text-center">
                                            <img src="https://images-na.ssl-images-amazon.com/captcha/docvmtpr/Captcha_aznhqotipz.jpg">
                                        </div>
                                        <div class="a-row a-spacing-base">
                                            <div class="a-row">
                                                <div class="a-column a-span6">
                                                </div>
                                                <div class="a-column a-span6 a-span-last a-text-right">
                                                    <a onclick="window.location.reload()">Try different image</a>
                                                </div>
                                            </div>
                                            <input autocomplete="off" spellcheck="false" placeholder="Type characters" id="captchacharacters" name="field-keywords" class="a-span12" autocapitalize="off" autocorrect="off" type="text">
                                        </div>
                                    </div>
                                </div>
                            </div>

                            <div class="a-section a-spacing-extra-large">

                                <div class="a-row">
                                    <span class="a-button a-button-primary a-span12">
                                        <span class="a-button-inner">
                                            <button type="submit" class="a-button-text">Continue shopping</button>,https://www.amazon.com/Pacon-Lightweight-Construction-9-Inches-12-Inches/dp/B0013CDJTS/ref=sr_1_21/161-6314320-0053035?s=toys-and-games&ie=UTF8&qid=1487434091&sr=1-21&keywords=toys,, ,https://images-na.ssl-images-amazon.com/images/I/415VuHLEJdL._AC_US160_.jpg
"en-us" class="a-no-js a-lt-ie9 a-lt-ie8 a-lt-ie7"> <![endif]-->
<!--[if IE 7]>    <html lang="en-us" class="a-no-js a-lt-ie9 a-lt-ie8"> <![endif]-->
<!--[if IE 8]>    <html lang="en-us" class="a-no-js a-lt-ie9"> <![endif]-->
<!--[if gt IE 8]><!-->
<html class="a-no-js" lang="en-us"><!--<![endif]--><head>
<meta http-equiv="content-type" content="text/html; charset=UTF-8">
<meta charset="utf-8">
<meta http-equiv="X-UA-Compatible" content="IE=edge,chrome=1">
<title dir="ltr">Robot Check</title>
<meta name="viewport" content="width=device-width">
<link rel="stylesheet" href="https://images-na.ssl-images-amazon.com/images/G/01/AUIClients/AmazonUI-3c913031596ca78a3768f4e934b1cc02ce238101.secure.min._V1_.css">
<script>

if (true === true) {
    var ue_t0 = (+ new Date()),
        ue_csm = window,
        ue = { t0: ue_t0, d: function() { return (+new Date() - ue_t0); } },
        ue_furl = "fls-na.amazon.com",
        ue_mid = "ATVPDKIKX0DER",
        ue_sid = (document.cookie.match(/session-id=([0-9-]+)/) || [])[1],
        ue_sn = "opfcaptcha.amazon.com",
        ue_id = '11R2MPTAT6C71CA66M0C';
}
</script>
</head>
<body>

<!--
        To discuss automated access to Amazon data please contact api-services-support@amazon.com.
        For information about migrating to our APIs refer to our Marketplace APIs at https://developer.amazonservices.com/ref=rm_c_sv, or our Product Advertising API at https://affiliate-program.amazon.com/gp/advertising/api/detail/main.html/ref=rm_c_ac for advertising use cases.
-->

<!--
Correios.DoNotSend
-->

<div class="a-container a-padding-double-large" style="min-width:350px;padding:44px 0 !important">

    <div class="a-row a-spacing-double-large" style="width: 350px; margin: 0 auto">

        <div class="a-row a-spacing-medium a-text-center"><i class="a-icon a-logo"></i></div>

        <div class="a-box a-alert a-alert-info a-spacing-base">
            <div class="a-box-inner">
                <i class="a-icon a-icon-alert"></i>
                <h4>Enter the characters you see below</h4>
                <p class="a-last">Sorry, we just need to make sure you're not a robot. For best results, please make sure your browser is accepting cookies.</p>
                </div>
            </div>

            <div class="a-section">

                <div class="a-box a-color-offset-background">
                    <div class="a-box-inner a-padding-extra-large">

                        <form method="get" action="/errors/validateCaptcha" name="">
                            <input type=hidden name="amzn" value="Bp8qUgUzwkcSs0HTqdS6Iw==" /><input type=hidden name="amzn-r" value="&#047;Mattel&#045;42003&#045;Uno&#045;Card&#045;Game&#047;dp&#047;B00004TZY8&#047;ref&#061;sr_1_22&#047;161&#045;6314320&#045;0053035?s&#061;toys&#045;and&#045;games&amp;ie&#061;UTF8&amp;qid&#061;1487434091&amp;sr&#061;1&#045;22&amp;keywords&#061;toys" /><input type=hidden name="amzn-pt" value="Detail" />
                            <div class="a-row a-spacing-large">
                                <div class="a-box">
                                    <div class="a-box-inner">
                                        <h4>Type the characters you see in this image:</h4>
                                        <div class="a-row a-text-center">
                                            <img src="https://images-na.ssl-images-amazon.com/captcha/druexhzz/Captcha_pruzqogzfj.jpg">
                                        </div>
                                        <div class="a-row a-spacing-base">
                                            <div class="a-row">
                                                <div class="a-column a-span6">
                                                </div>
                                                <div class="a-column a-span6 a-span-last a-text-right">
                                                    <a onclick="window.location.reload()">Try different image</a>
                                                </div>
                                            </div>
                                            <input autocomplete="off" spellcheck="false" placeholder="Type characters" id="captchacharacters" name="field-keywords" class="a-span12" autocapitalize="off" autocorrect="off" type="text">
                                        </div>
                                    </div>
                                </div>
                            </div>

                            <div class="a-section a-spacing-extra-large">

                                <div class="a-row">
                                    <span class="a-button a-button-primary a-span12">
                                        <span class="a-button-inner">
                                            <button type="submit" class="a-button-text">Continue shopping</button>,https://www.amazon.com/Mattel-42003-Uno-Card-Game/dp/B00004TZY8/ref=sr_1_22/161-6314320-0053035?s=toys-and-games&ie=UTF8&qid=1487434091&sr=1-22&keywords=toys,, ,https://images-na.ssl-images-amazon.com/images/I/51VwhbQtqeL._AC_US160_.jpg
"en-us" class="a-no-js a-lt-ie9 a-lt-ie8 a-lt-ie7"> <![endif]-->
<!--[if IE 7]>    <html lang="en-us" class="a-no-js a-lt-ie9 a-lt-ie8"> <![endif]-->
<!--[if IE 8]>    <html lang="en-us" class="a-no-js a-lt-ie9"> <![endif]-->
<!--[if gt IE 8]><!-->
<html class="a-no-js" lang="en-us"><!--<![endif]--><head>
<meta http-equiv="content-type" content="text/html; charset=UTF-8">
<meta charset="utf-8">
<meta http-equiv="X-UA-Compatible" content="IE=edge,chrome=1">
<title dir="ltr">Robot Check</title>
<meta name="viewport" content="width=device-width">
<link rel="stylesheet" href="https://images-na.ssl-images-amazon.com/images/G/01/AUIClients/AmazonUI-3c913031596ca78a3768f4e934b1cc02ce238101.secure.min._V1_.css">
<script>

if (true === true) {
    var ue_t0 = (+ new Date()),
        ue_csm = window,
        ue = { t0: ue_t0, d: function() { return (+new Date() - ue_t0); } },
        ue_furl = "fls-na.amazon.com",
        ue_mid = "ATVPDKIKX0DER",
        ue_sid = (document.cookie.match(/session-id=([0-9-]+)/) || [])[1],
        ue_sn = "opfcaptcha.amazon.com",
        ue_id = 'NC35BKPT4Z0PQWYHEF44';
}
</script>
</head>
<body>

<!--
        To discuss automated access to Amazon data please contact api-services-support@amazon.com.
        For information about migrating to our APIs refer to our Marketplace APIs at https://developer.amazonservices.com/ref=rm_c_sv, or our Product Advertising API at https://affiliate-program.amazon.com/gp/advertising/api/detail/main.html/ref=rm_c_ac for advertising use cases.
-->

<!--
Correios.DoNotSend
-->

<div class="a-container a-padding-double-large" style="min-width:350px;padding:44px 0 !important">

    <div class="a-row a-spacing-double-large" style="width: 350px; margin: 0 auto">

        <div class="a-row a-spacing-medium a-text-center"><i class="a-icon a-logo"></i></div>

        <div class="a-box a-alert a-alert-info a-spacing-base">
            <div class="a-box-inner">
                <i class="a-icon a-icon-alert"></i>
                <h4>Enter the characters you see below</h4>
                <p class="a-last">Sorry, we just need to make sure you're not a robot. For best results, please make sure your browser is accepting cookies.</p>
                </div>
            </div>

            <div class="a-section">

                <div class="a-box a-color-offset-background">
                    <div class="a-box-inner a-padding-extra-large">

                        <form method="get" action="/errors/validateCaptcha" name="">
                            <input type=hidden name="amzn" value="qEO6zl20PQ3ly5tbj22b9g==" /><input type=hidden name="amzn-r" value="&#047;LEGO&#045;Bricks&#045;Valentines&#045;Cupid&#045;Building&#047;dp&#047;B019VRTJYU&#047;ref&#061;sr_1_23&#047;161&#045;6314320&#045;0053035?s&#061;toys&#045;and&#045;games&amp;ie&#061;UTF8&amp;qid&#061;1487434091&amp;sr&#061;1&#045;23&amp;keywords&#061;toys" /><input type=hidden name="amzn-pt" value="Detail" />
                            <div class="a-row a-spacing-large">
                                <div class="a-box">
                                    <div class="a-box-inner">
                                        <h4>Type the characters you see in this image:</h4>
                                        <div class="a-row a-text-center">
                                            <img src="https://images-na.ssl-images-amazon.com/captcha/fmvtfjch/Captcha_fjtiifeslu.jpg">
                                        </div>
                                        <div class="a-row a-spacing-base">
                                            <div class="a-row">
                                                <div class="a-column a-span6">
                                                </div>
                                                <div class="a-column a-span6 a-span-last a-text-right">
                                                    <a onclick="window.location.reload()">Try different image</a>
                                                </div>
                                            </div>
                                            <input autocomplete="off" spellcheck="false" placeholder="Type characters" id="captchacharacters" name="field-keywords" class="a-span12" autocapitalize="off" autocorrect="off" type="text">
                                        </div>
                                    </div>
                                </div>
                            </div>

                            <div class="a-section a-spacing-extra-large">

                                <div class="a-row">
                                    <span class="a-button a-button-primary a-span12">
                                        <span class="a-button-inner">
                                            <button type="submit" class="a-button-text">Continue shopping</button>,https://www.amazon.com/LEGO-Bricks-Valentines-Cupid-Building/dp/B019VRTJYU/ref=sr_1_23/161-6314320-0053035?s=toys-and-games&ie=UTF8&qid=1487434091&sr=1-23&keywords=toys,, ,https://images-na.ssl-images-amazon.com/images/I/51TqixBIgwL._AC_US160_.jpg
"en-us" class="a-no-js a-lt-ie9 a-lt-ie8 a-lt-ie7"> <![endif]-->
<!--[if IE 7]>    <html lang="en-us" class="a-no-js a-lt-ie9 a-lt-ie8"> <![endif]-->
<!--[if IE 8]>    <html lang="en-us" class="a-no-js a-lt-ie9"> <![endif]-->
<!--[if gt IE 8]><!-->
<html class="a-no-js" lang="en-us"><!--<![endif]--><head>
<meta http-equiv="content-type" content="text/html; charset=UTF-8">
<meta charset="utf-8">
<meta http-equiv="X-UA-Compatible" content="IE=edge,chrome=1">
<title dir="ltr">Robot Check</title>
<meta name="viewport" content="width=device-width">
<link rel="stylesheet" href="https://images-na.ssl-images-amazon.com/images/G/01/AUIClients/AmazonUI-3c913031596ca78a3768f4e934b1cc02ce238101.secure.min._V1_.css">
<script>

if (true === true) {
    var ue_t0 = (+ new Date()),
        ue_csm = window,
        ue = { t0: ue_t0, d: function() { return (+new Date() - ue_t0); } },
        ue_furl = "fls-na.amazon.com",
        ue_mid = "ATVPDKIKX0DER",
        ue_sid = (document.cookie.match(/session-id=([0-9-]+)/) || [])[1],
        ue_sn = "opfcaptcha.amazon.com",
        ue_id = 'MZH9J5WB7ZWW80813QJT';
}
</script>
</head>
<body>

<!--
        To discuss automated access to Amazon data please contact api-services-support@amazon.com.
        For information about migrating to our APIs refer to our Marketplace APIs at https://developer.amazonservices.com/ref=rm_c_sv, or our Product Advertising API at https://affiliate-program.amazon.com/gp/advertising/api/detail/main.html/ref=rm_c_ac for advertising use cases.
-->

<!--
Correios.DoNotSend
-->

<div class="a-container a-padding-double-large" style="min-width:350px;padding:44px 0 !important">

    <div class="a-row a-spacing-double-large" style="width: 350px; margin: 0 auto">

        <div class="a-row a-spacing-medium a-text-center"><i class="a-icon a-logo"></i></div>

        <div class="a-box a-alert a-alert-info a-spacing-base">
            <div class="a-box-inner">
                <i class="a-icon a-icon-alert"></i>
                <h4>Enter the characters you see below</h4>
                <p class="a-last">Sorry, we just need to make sure you're not a robot. For best results, please make sure your browser is accepting cookies.</p>
                </div>
            </div>

            <div class="a-section">

                <div class="a-box a-color-offset-background">
                    <div class="a-box-inner a-padding-extra-large">

                        <form method="get" action="/errors/validateCaptcha" name="">
                            <input type=hidden name="amzn" value="7ChfE36XRVXUDs0wIMGCtw==" /><input type=hidden name="amzn-r" value="&#047;Anki&#045;000&#045;00048&#045;Cozmo&#047;dp&#047;B01GA1298S&#047;ref&#061;sr_1_24&#047;161&#045;6314320&#045;0053035?s&#061;toys&#045;and&#045;games&amp;ie&#061;UTF8&amp;qid&#061;1487434091&amp;sr&#061;1&#045;24&amp;keywords&#061;toys" /><input type=hidden name="amzn-pt" value="Detail" />
                            <div class="a-row a-spacing-large">
                                <div class="a-box">
                                    <div class="a-box-inner">
                                        <h4>Type the characters you see in this image:</h4>
                                        <div class="a-row a-text-center">
                                            <img src="https://images-na.ssl-images-amazon.com/captcha/fmvtfjch/Captcha_hadncjvqpj.jpg">
                                        </div>
                                        <div class="a-row a-spacing-base">
                                            <div class="a-row">
                                                <div class="a-column a-span6">
                                                </div>
                                                <div class="a-column a-span6 a-span-last a-text-right">
                                                    <a onclick="window.location.reload()">Try different image</a>
                                                </div>
                                            </div>
                                            <input autocomplete="off" spellcheck="false" placeholder="Type characters" id="captchacharacters" name="field-keywords" class="a-span12" autocapitalize="off" autocorrect="off" type="text">
                                        </div>
                                    </div>
                                </div>
                            </div>

                            <div class="a-section a-spacing-extra-large">

                                <div class="a-row">
                                    <span class="a-button a-button-primary a-span12">
                                        <span class="a-button-inner">
                                            <button type="submit" class="a-button-text">Continue shopping</button>,https://www.amazon.com/Anki-000-00048-Cozmo/dp/B01GA1298S/ref=sr_1_24/161-6314320-0053035?s=toys-and-games&ie=UTF8&qid=1487434091&sr=1-24&keywords=toys,, ,https://images-na.ssl-images-amazon.com/images/I/51D12pcYbcL._AC_US160_.jpg